#,site,file,is_sale,url
0,adorebeauty,Cloud Nine Gift of Gold - Original Iron Reviews + Free Post.html,1,https://www.adorebeauty.com.au/cloud-nine-cloud-9/cloud-nine-gift-of-gold-original-iron-2018.html
1,adorebeauty,Kiehl's Midnight Recovery Concentrate 30ml Reviews + Free Post.html,0,https://www.adorebeauty.com.au/kiehls/kiehl-s-midnight-recovery-concentrate-30ml.html
2,adorebeauty,Kiehl's Ultra Facial Cream 50ml Reviews + Free Post.html,0,https://www.adorebeauty.com.au/kiehls/kiehl-s-ultra-facial-cream.html
3,adorebeauty,Priori Concealer Brush Reviews + Free Post.html,1,https://www.adorebeauty.com.au/priori/priori-concealer-brush.html
4,aldi,Coffee Body Scrub Coconut - ALDI UK.html,1,https://www.aldi.co.uk/coffee-body-scrub-coconut/p/087106239907200
5,aldi,Lacura Miracle Cream 50ml - ALDI UK.html,0,https://www.aldi.co.uk/lacura-miracle-cream-50ml/p/083397233382001
6,aldi,Remington Slim Hair Straightener - ALDI UK.html,1,https://www.aldi.co.uk/remington-slim-hair-straightener/p/084651212935300
7,aldi,Visage Electric Shaver - ALDI UK.html,0,https://www.aldi.co.uk/visage-electric-shaver/p/096309211556600
8,amazon,SMILEQ Sexy 12 Colors Shimmer Eyeshadow Earth Palette Makeup Pearl Metallic Powder Lasting Natural (L)_ Amazon.co.uk_ Sports & Outdoors.html,0,https://www.amazon.co.uk/SMILEQ-Shimmer-Eyeshadow-Palette-Metallic/dp/B072X8Z8NB/ref=sr_1_10?ie=UTF8&qid=1539599510&sr=8-10&keywords=makeup
9,amazon,Urban Beauty - Vanity Case Cosmetic Make Up Urban Beauty Box Travel Carry Gift Storage 60 Piece_ Amazon.co.uk_ Beauty.html,0,https://www.amazon.co.uk/Urban-Beauty-Vanity-Cosmetic-Storage/dp/B005RF80ZA/ref=sr_1_3_a_it?ie=UTF8&qid=1539599510&sr=8-3&keywords=makeup
10,anastasiabeverlyhills,"Loose Cosmetic Glitter _ 8 Shades for Face, Body, Hair - Anastasia Beverly Hills.html",0,https://www.anastasiabeverlyhills.co.uk/loose-glitter/loose-glitter.html?cgid=makeup#start=2&cgid=makeup
11,anastasiabeverlyhills,Sultry Eyeshadow Palette _ Smoky Eye Palette - Anastasia Beverly Hills.html,0,https://www.anastasiabeverlyhills.co.uk/sultry-eye-shadow-palette/ABH01-18176.html?cgid=makeup#start=1&cgid=makeup
12,argos,Buy BaByliss 2540U Titanium Pearlescent Hair Straightener _ Hair straighteners _ Argos.html,1,https://www.argos.co.uk/product/5339082
13,argos,Buy Philips Series 9000 Wet and Dry Electric Shaver S9211_26 _ Men's shavers _ Argos.html,1,https://www.argos.co.uk/product/6518871
14,argos,Buy Technic Large Filled Vanity Case _ Make-up bags and cases _ Argos.html,0,https://www.argos.co.uk/product/7173497
15,argos,Buy Technic Large Wow Factor Make-up Palette _ Make-up sets _ Argos.html,0,https://www.argos.co.uk/product/7289226
16,armanibeauty,Eye & Brow Maestro Eye Makeup _ Armani Beauty UK.html,0,https://www.armanibeauty.co.uk/makeup/eyes/eyebrows/eye-brow-maestro/AP11104.html#start=7
17,armanibeauty,Eyes To Kill Intense Eyeshadow _ Giorgio Armani Beauty.html,0,https://www.armanibeauty.co.uk/makeup/eyes/eyeshadow/eyes-to-kill-intense-eyeshadow/AP11307.html#start=8
18,asos,L'Oreal _ LOreal Paris Lip Spa Lip Plumper.html,0,https://www.asos.com/loreal/loreal-paris-lip-spa-lip-plumper/prd/10815861?clr=00-plumper&SearchQuery=&cid=5020&gridcolumn=3&gridrow=1&gridsize=4&pge=1&pgesize=72&totalstyles=2222
19,asos,Laura Mercier _ Laura Mercier Natural Cheek Colour Blush - Grapefruit.html,0,https://www.asos.com/laura-mercier/laura-mercier-natural-cheek-colour-blush-grapefruit/prd/10733149?clr=grapefruit&SearchQuery=&cid=5020&gridcolumn=1&gridrow=1&gridsize=4&pge=1&pgesize=72&totalstyles=2222
20,asos,Maybelline _ Maybelline Tattoo Brow Longlasting Brow Pomade.html,1,https://www.asos.com/maybelline/maybelline-tattoo-brow-longlasting-brow-pomade/prd/10816626?clr=light&SearchQuery=&cid=5020&gridcolumn=3&gridrow=3&gridsize=4&pge=1&pgesize=72&totalstyles=2222
21,asos,Nars _ NARS Radiant Creamy Concealer.html,0,https://www.asos.com/nars/nars-radiant-creamy-concealer/prd/2933059?clr=walnut&SearchQuery=&cid=5020&gridcolumn=3&gridrow=6&gridsize=4&pge=1&pgesize=72&totalstyles=2222
22,avon,Avon True Colour Glimmerstick Diamonds Eyeliner.html,1,https://www.avon.uk.com/product/3917/avon-true-colour-glimmerstick-diamonds-eyeliner?cb=953404881
23,avon,Avon True Nutra Effects Radiance Tinted Moisturiser SPF20.html,0,https://www.avon.uk.com/product/5327/avon-true-nutra-effects-radiance-tinted-moisturiser-spf20?cb=953404881
24,avon,mark. Epic Lipstick With Built-In Primer.html,1,https://www.avon.uk.com/product/7101/mark-epic-lipstick-with-built-in-primer?cb=953404881
25,avon,True Colour Cream-to-Powder Foundation Compact.html,1,https://www.avon.uk.com/product/5499/true-colour-cream-to-powder-foundation-compact?cb=953404881
26,bareminerals,BAREPRO Glow Highlighter _ Liquid Highlighter Makeup _ bareMinerals UK.html,0,https://www.bareminerals.co.uk/new/global-ambassadors-picks/rosies-picks/barepro-glow-highlighter-drops/UKmasterbareproglow.html?dwvar_UKmasterbareproglow_SkinShade=Joy
27,bareminerals,BEAUTY GALORE COLLECTION _ bareMinerals.html,1,https://www.bareminerals.co.uk/sale-kits/beauty-galore-collection-/UK83418.html
28,bareminerals,Blemish Rescue Skin-Clearing Loose Powder Foundation _ Foundation for Blemish Prone Skin _ bareMinerals UK.html,0,https://www.bareminerals.co.uk/blemishresue_family/blemish-rescue-skin-clearing-loose-powder-foundation/UKmasterblemishrescuefound.html?dwvar_UKmasterblemishrescuefound_SkinShade=MEDIUM%20BEIGE%202.5N
29,bareminerals,Essentially Even _ bareMinerals.html,1,https://www.bareminerals.co.uk/sale-kits/essentially-even/UK85331.html
30,beautybay,Dose of Colors Desi & Katy Semi-Matte Lipstick at Beauty Bay.html,0,https://www.beautybay.com/p/dose-of-colors/desi-and-katy-semi-matte-lipstick/
31,beautybay,Jeffree Star Cosmetics Thirsty Eyeshadow Palette at Beauty Bay.html,0,https://www.beautybay.com/p/jeffree-star-cosmetics/thirsty-eyeshadow-palette/
32,beautybay,Sugarpill Cosmetics Liquid Lip Color at Beauty Bay.html,0,https://www.beautybay.com/p/sugarpill-cosmetics/liquid-lip-color/
33,beautybay,The Ordinary Glycolic Acid 7% Toning Solution 240ml at Beauty Bay.html,0,https://www.beautybay.com/p/the-ordinary/glycolic-acid-7-toning-solution/
34,beccacosmetics,Light Chaser Highlighter For Face & Eye _ BECCA Cosmetics.html,1,https://www.beccacosmetics.com/product/22206/55485/highlighters/light-chaser-highlighter-for-face-eye/high-impact-glow-eyeshadow-blush-colour#!/shade/Pearl_flashes_Gold
35,beccacosmetics,Liquid Crystal Glow Gloss _ BECCA Cosmetics.html,1,https://www.beccacosmetics.com/product/22208/55494/lips/liquid-crystal-glow-gloss/high-shine-kaleidescopic-highlight-nourishing#!/shade/Rose_Quartz_x_Seashell
36,beccacosmetics,Macaron Glow Kit _ BECCA Cosmetics.html,0,https://www.beccacosmetics.com/product/22209/61034/palettes-sets/macaron-glow-kit/high-impact-glow-limited-edition
37,beccacosmetics,Shimmering Skin Perfector Pressed Highlighter Mini Ornament _ BECCA Cosmetics.html,0,https://www.beccacosmetics.com/product/22206/61033/highlighters/shimmering-skin-perfector-pressed-highlighter-mini-ornament/mini-champagne-pop-high-impact-glow#
38,benefitcosmetics,Cake POPS! Bright & Bold liquid lip color set _ Benefit Cosmetics.html,1,https://www.benefitcosmetics.com/uk/en-gb/product/cake-pops-bright-and-bold
39,benefitcosmetics,Roller Liner Liquid Eyeliner _ Benefit Cosmetics.html,0,https://www.benefitcosmetics.com/uk/en-gb/product/roller-liner-eyeliner
40,benefitcosmetics,SUPER natural brows by Anna Saccone _ Benefit Cosmetics.html,0,https://www.benefitcosmetics.com/uk/en-gb/product/super-natural-brows-by-anna-saccone
41,benefitcosmetics,The Complexionist Complete Palette _ Benefit Cosmetics.html,1,https://www.benefitcosmetics.com/uk/en-gb/product/complexionista-complete-face-palette
42,bleachlondon,SHADOW PLATTER – Bleach London.html,0,https://bleachlondon.co.uk/collections/makeup/products/shadow-platter
43,bleachlondon,TOOL KIT – Bleach London.html,1,https://bleachlondon.co.uk/collections/makeup/products/tool-kit
44,bobbibrown,Luxe Liquid Lip Velvet Matte _ Bobbi Brown - Official Site.html,0,https://www.bobbibrown.co.uk/product/2342/60630/makeup/lips/lipsticks/luxe-liquid-lip-velvet-matte/fh18
45,bobbibrown,Luxe Matte Lip Color _ Bobbi Brown - Official Site.html,0,https://www.bobbibrown.co.uk/product/2342/59513/makeup/lips/lipsticks/luxe-matte-lip-color/fh18
46,boohoo,Grace Leopard Tailored City Short _ Boohoo.html,1,https://www.boohoo.com/grace-leopard-tailored-city-short/DZZ17257.html?color=157
47,boohoo,Pre Cut Body Tape 20 Pack _ Boohoo.html,0,https://www.boohoo.com/pre-cut-body-tape-20-pack/DZZ68079.html
48,boohoo,Stargazer Glitter Fixing Gel _ Boohoo.html,0,https://www.boohoo.com/stargazer-glitter-fixing-gel/DZZ18544.html
49,boohoo,Wide Rib Raw Edge Crop Vest _ Boohoo.html,1,https://www.boohoo.com/wide-rib-raw-edge-crop-vest/DZZ19470.html?color=158
50,boots,BOSCIA Detoxifying Black Cleanser 150ml - Boots.html,1,https://www.boots.com/beauty/facial-skincare/cleanser-toner/boscia-detoxifying-black-cleanser-150ml-10256363
51,boots,NYX Professional Makeup Soft Matte lip cream 14g - Boots.html,0,https://www.boots.com/nyx-professional-makeup-soft-matte-lip-cream-14g-10207816
52,boots,Olay Luminous Whip Light As Air Moisturiser For Glowing Skin SPF30 - Boots.html,0,https://www.boots.com/olay-luminous-whip-light-as-air-moisturiser-for-glowing-skin-spf30-10256062
53,boots,PIXI Glow Tonic To-Go - Boots.html,1,https://www.boots.com/pixi-glow-tonic-to-go-10256453
54,charlottetilbury,Eyeshadow Palette_ Stars-In-Your-Eyes Palette _ Charlotte Tilbury.html,0,http://www.charlottetilbury.com/uk/stars-in-your-eyes-eyeshadow-palette.html
55,charlottetilbury,Red Glitter Eyeshadow Palette_ Supersonic Girl - Luxury Palette of Pops _ Charlotte Tilbury.html,0,http://www.charlottetilbury.com/uk/luxury-palette-of-pops-supersonic.html
56,claires,Cosmic Babe Duo Sponge Brush - Purple _ Claire's.html,1,https://www.claires.com/cosmic-babe-duo-sponge-brush-%2D-purple-229675.html?cgid=new-arrivals&lang=en_GB#prefn1=5&prefv1=Beauty&lang=en_GB&start=28
57,claires,"Gold Glitter Butterfly Press On Faux Nail Set - Pink, 24 Pack _ Claire's.html",1,https://www.claires.com/gold-glitter-butterfly-press-on-faux-nail-set-%2D-pink-%2D24-pack-7246.html?cgid=new-arrivals&lang=en_GB#prefn1=5&prefv1=Beauty&lang=en_GB&start=10
58,claires,JoJo Siwa™ Purple Mini Bow Hair Elastics - 3 Pack _ Claire's.html,0,https://www.claires.com/jojo-siwa-purple-mini-bow-hair-elastics-%2D-3-pack-225594.html?lang=en_GB
59,claires,L.O.L Surprise!™ Bling Series _ Claire's.html,0,https://www.claires.com/l.o.l-surprise-bling-series-241696.html?lang=en_GB
60,clinique,All About Eyes™ _ Clinique.html,0,https://www.clinique.co.uk/product/17517/4769/best-sellers/all-about-eyestm
61,clinique,Clinique iD™_ Active Cartridge & Base For Fatigue _ Clinique.html,0,https://www.clinique.co.uk/product/17517/60154/best-sellers/clinique-idtm-active-cartridge-base-for-fatigue
62,clinique,Smart & Smooth Gift Set _ Clinique.html,0,https://www.clinique.co.uk/product/18672/60091/last-chance/smart-smooth-gift-set
63,clinique,The Chubbettes Gift Set _ Clinique.html,0,https://www.clinique.co.uk/product/18672/60090/last-chance/the-chubbettes-gift-set
64,cultbeauty,Huda Beauty _ Overachiever Concealer _ Cult Beauty.html,0,https://www.cultbeauty.co.uk/huda-beauty-overachiever-concealer.html
65,cultbeauty,Huda Beauty _ Topaz Obsessions Palette _ Cult Beauty.html,0,https://www.cultbeauty.co.uk/huda-beauty-topaz-obsessions-palette.html
66,cultbeauty,KARL LAGERFELD + MODELCO _ Lip Lights Liquid Matte Lipstick _ Cult Beauty.html,1,https://www.cultbeauty.co.uk/karl-lagerfeld-modelco-lip-lights-liquid-matte-lipstick.html
67,cultbeauty,KARL LAGERFELD + MODELCO _ Luxe Highlight & Glow _ Cult Beauty.html,1,https://www.cultbeauty.co.uk/karl-lagerfeld-modelco-luxe-highlight-glow.html
68,currys,Buy BRAUN Silk-epil 3170 Epilator - White & Purple _ Free Delivery _ Currys.html,0,https://www.currys.co.uk/gbuk/home-appliances/health-wellbeing/beauty-and-skin-care/braun-silk-epil-3170-epilator-white-purple-10155195-pdt.html
69,currys,Buy STYLPRO Expert Makeup Brush Cleaner _ Free Delivery _ Currys.html,0,https://www.currys.co.uk/gbuk/home-appliances/health-wellbeing/beauty-and-skin-care/stylpro-expert-makeup-brush-cleaner-10170070-pdt.html
70,cyocosmetics,All Eyes & Cheeks - Cream Shadow & Blush - Only Words _ CYO Cosmetics.html,,https://www.cyocosmetics.com/uk/eye/eyeshadow/cream-shadow-blush-all-eyes-cheeks/only-words
71,cyocosmetics,Sweep Into Shape - Contour Stick - Fair Medium _ CYO Cosmetics.html,,https://www.cyocosmetics.com/uk/face/contouring-highlighter/contour-stick-sweep-into-shape/fair-medium
72,debenhams,beautyblender Red.carpet _ Debenhams.html,1,https://www.debenhams.com/webapp/wcs/stores/servlet/prod_10701_10001_154089000699_-1
73,debenhams,Ralph Lauren 'Romance' eau de parfum 100ml _ Debenhams.html,1,https://www.debenhams.com/webapp/wcs/stores/servlet/prod_10701_10001_123328900299_-1
74,debenhams,Too Faced 'Better Than Sex' mascara 8ml _ Debenhams.html,0,https://www.debenhams.com/webapp/wcs/stores/servlet/prod_10701_10001_154614000099_-1
75,debenhams,Urban Decay 'All Nighter' setting spray 118ml _ Debenhams.html,0,https://www.debenhams.com/webapp/wcs/stores/servlet/prod_10701_10001_123932080499_-1
76,dior,Daring Lip Palette - Colour & Depth Effects - Dior.html,0,https://www.dior.com/en_gb/products/beauty-Y4000166-daring-lip-palette-colour-dept
77,dior,"Dior Vernis - True colour, ultra-shiny, long wear - Dior.html",0,https://www.dior.com/en_gb/products/beauty-Y0002959-dior-vernis-couture-colour-gel
78,dollywoodboutique,Bright Rainbow Colour Pop 35 Shimmer & Matte Eyeshadow Palette 35E-G.html,0,https://www.dollywoodboutique.co.uk/beauty-c105/dollywood-boutique-bright-rainbow-colour-pop-35-shimmer-matte-eyeshadow-palette-35e-p6062
79,dollywoodboutique,Dollywood Boutique Liquid Concealer - Pecan - Beauty from Dollywood Boutique UK.html,1,https://www.dollywoodboutique.co.uk/beauty-c105/dollywood-boutique-liquid-concealer-pecan-p6550
80,dollywoodboutique,Eyebrow Angled Brow Brush & Spoolie.html,0,https://www.dollywoodboutique.co.uk/beauty-c105/dollywood-boutique-eyebrow-angled-brow-brush-spoolie-p6055
81,dollywoodboutique,Mad Beauty Gloss Patent Black Beauty Makeup Box - Beauty from Dollywood Boutique UK.html,1,https://www.dollywoodboutique.co.uk/beauty-c105/mad-beauty-gloss-patent-black-beauty-makeup-box-p6958
82,ecco-verde,Avril Bronzing Powder - Ecco Verde Online Shop.html,0,https://www.ecco-verde.co.uk/avril/bronzing-powder
83,ecco-verde,benecos Compact Blush - Ecco Verde Online Shop.html,0,https://www.ecco-verde.co.uk/benecos/compact-blush
84,ecco-verde,"Farfalla Organic Macadamia Nut Oil, 75 ml - Ecco Verde Online Shop.html",1,https://www.ecco-verde.co.uk/farfalla/macadamia-nut-oil-kba
85,ecco-verde,"SO’BiO étic Strawberry Shower Gel for Kids, 300 ml - Ecco Verde Online Shop.html",1,https://www.ecco-verde.co.uk/sobio-etic/strawberry-shower-gel-for-kids
86,elfcosmetics,Beauty Shield Magnetic Mask Kit _ e.l.f. Cosmetics UK- Cruelty Free.html,0,https://www.elfcosmetics.co.uk/beauty-shield-magnetic-mask-kit/57093.html?cgid=best-sellers#start=1
87,elfcosmetics,Flawless Foundation for Oily Skin _ e.l.f. Cosmetics UK- Cruelty Free.html,0,https://www.elfcosmetics.co.uk/flawless-finish-foundation/300061.html?dwvar_300061_color=Tan%20%28Previously%20Buff%29&cgid=best-sellers#start=2
88,escentual,Caudalie Grape Water Spray Duo.html,1,https://www.escentual.com/all-products/caudalie0157/
89,escentual,MAKE UP FOR EVER 12 Flash Colour Case.html,0,https://www.escentual.com/make-up/makeupfef047/
90,escentual,Urban Decay Urban Lash - Boheme.html,0,https://www.escentual.com/make-up/urbandecay066/
91,escentual,Vichy Mineral 89 Serum.html,0,https://www.escentual.com/all-products/vichymineral89/
92,esteelauder,Advanced Night Repair Eye Supercharged Complex Synchronized Recovery _ Estee Lauder - Official Site.html,0,https://www.esteelauder.co.uk/product/1799/55125/product-catalog/whats-new/best-sellers/advanced-night-repair-eye-supercharged-complex/synchronized-recovery
93,esteelauder,Double Wear Stay-in-Place Makeup SPF 10 _ Estee Lauder - Official Site.html,0,https://www.esteelauder.co.uk/product/1799/3894/product-catalog/whats-new/best-sellers/double-wear/stay-in-place-makeup-spf-10#/shade/1C0-Shell
94,eyeko,Black Magic Mascara _ Eyeko.html,0,https://www.eyeko.co.uk/black-magic-mascara/11318075.html
95,eyeko,Eyeko Christmas Cracker (Worth £19) _ Eyeko.html,0,https://www.eyeko.co.uk/eyeko-christmas-cracker/11798248.html
96,eyeko,Eyeliner Wardrobe® (Worth £80) _ Eyeko.html,0,https://www.eyeko.co.uk/eyeliner-wardrobe/11728645.html
97,eyeko,Lash Alert Mascara _ Eyeko.html,0,https://www.eyeko.co.uk/lash-alert-mascara/11653526.html
98,fabulousmakeup,GATSBY.html,0,https://www.fabulousmakeup.co.uk/buy-online/makeup/gatsby
99,fabulousmakeup,PC26 Domed Foundation Brush - Makeup - Buy Online.html,0,https://www.fabulousmakeup.co.uk/buy-online/makeup/pc26
100,fabulousmakeup,Sansa Eyeshadow Pan - SALE - Buy Online.html,1,https://www.fabulousmakeup.co.uk/buy-online/sale/sansa-eyeshadow-pan
101,fabulousmakeup,Sculpting Powder Light_Medium - SALE - Buy Online.html,1,https://www.fabulousmakeup.co.uk/buy-online/sale/peaches-and-cream-light-medium-sculpt
102,feelunique,bareMinerals® Original Foundation SPF15 8g - Feelunique.html,0,https://www.feelunique.com/p/bareMinerals-Original-Foundation-SPF15-8g
103,feelunique,L'Oréal Paris X Isabel Marant Beautifier 15g - Feelunique.html,1,https://www.feelunique.com/p/LOreal-Paris-X-Isabel-Marant-Highlighter-15g
104,feelunique,L'Oréal Paris X Isabel Marant Color Riche Lipstick 4g - Feelunique.html,1,https://www.feelunique.com/p/LOreal-Paris-X-Isabel-Marant-Color-Riche-Lipstick-4g
105,feelunique,Urban Decay All Nighter Foundation 30ml - Feelunique.html,0,https://www.feelunique.com/p/Urban-Decay-All-Nighter-Foundation-30ml
106,fragrancedirect,BOSS Orange Eau de Toilette Spray 50ml _ Fragrance Direct.html,1,https://www.fragrancedirect.co.uk/boss-orange-eau-de-toilette-spray-50ml-0024096.html?cgid=ladies-fragrance-sale
107,fragrancedirect,Calvin Klein CK One Eau de Toilette Spray 200ml _ Fragrance Direct.html,1,https://www.fragrancedirect.co.uk/calvin-klein-ck-one-eau-de-toilette-spray-200ml-0000421.html?cgid=ladies-fragrance-sale
108,fragrancedirect,Derma V10 Micellar Cleansing Water 200ml _ Fragrance Direct.html,1,https://www.fragrancedirect.co.uk/derma-v10-micellar-cleansing-water-200ml-0069467.html?cgid=cleansers
109,fragrancedirect,Witch Gentle Exfoliating Face Wash 150ml _ Fragrance Direct.html,1,https://www.fragrancedirect.co.uk/witch-gentle-exfoliating-face-wash-150ml-0029248.html?cgid=cleansers
110,glambot,Lime Crime Pocket Candy Eyeshadow Palette Pink Lemonade _ Glambot.com - Best deals on Lime Crime cosmetics.html,1,https://www.glambot.com/lime-crime-pocket-candy-eyeshadow-palette-pink-lemonade
111,glambot,MAC Eyeshadow Club _ Glambot.com - Best deals on MAC Makeup cosmetics.html,1,https://www.glambot.com/mac-eyeshadow-club
112,glambot,MAC Sheen Supreme Sheer Lipstick Seasonally Supreme Collection Mandarin _ Glambot.com - Best deals on MAC Makeup cosmetics.html,1,https://www.glambot.com/mac-sheen-supreme-sheer-lipstick-seasonally-supreme-collection-mandarin
113,glambot,NARS Fairy's Kiss Eyeshadow Palette _ Glambot.com - Best deals on NARS cosmetics.html,1,https://www.glambot.com/nars-fairy-s-kiss-eyeshadow-palette
114,glossier,Acne Spot Treatment _ Glossier.html,0,https://www.glossier.com/products/zit-stick
115,glossier,Hydrating Face Moisturizer_ Priming Moisturizer _ Glossier.html,0,https://www.glossier.com/products/priming-moisturizer
116,gorgeousshop,bareMinerals Luxe Performance Brush _ Gorgeous Shop.html,1,https://www.gorgeousshop.com/bareminerals-luxe-performance-brush-each.html
117,gorgeousshop,Elizabeth Arden Beautiful Colour Smoky Eyes Pencil - Various Shades _ Gorgeous Shop.html,1,https://www.gorgeousshop.com/elizabeth-arden-beautiful-colour-smoky-eyes-pencil-1-1g-2-shades-available.html?options=cart
118,gorgeousshop,Inika Certified Organic BB Cream Foundation - Various Shades 30ml _ Gorgeous Shop.html,0,https://www.gorgeousshop.com/inika-certified-organic-bb-cream-foundation-30ml-5-shades-available.html?options=cart
119,gorgeousshop,Inika Mineral Bronzer - Various Shades 3.5g _ Gorgeous Shop.html,0,https://www.gorgeousshop.com/inika-mineral-bronzer-3-5g-3-shades-available.html?options=cart
120,gurumakeupemporium,Cozzette _ Infinite Brush Set _ Contains 11 Makeup Brushes _ Vegan.html,0,https://www.gurumakeupemporium.com/makeup-brushes-tools-c16/cozzette-infinite-brush-set-11-brushes-p331
121,gurumakeupemporium,MaeKup By Dave Stoneman Gel Inks _ Guru Makeup Emporium.html,1,https://www.gurumakeupemporium.com/tattoos-palettes-inks-c15/maekup-by-david-stoneman-gel-inkz-p998
122,gurumakeupemporium,Make Up For Ever _ Body Tan Gel _ Waterproof Temporary Bronzing Gel.html,0,https://www.gurumakeupemporium.com/cosmetics-c5/make-up-for-ever-body-tan-gel-waterproof-bronzing-gel-p2960
123,gurumakeupemporium,Makeup Forever Artist Acrylip Liquid Lip Color _ Guru Makeup Emporium.html,1,https://www.gurumakeupemporium.com/cosmetics-c5/lips-c2/artist-acrylip-spiced-pumpkin-p3267
124,harveynichols,FENTY BEAUTY Avalanche All-Over Metallic Powder Set - Harvey Nichols.html,0,https://www.harveynichols.com/brand/fenty-beauty/709503-avalanche-all-over-metallic-powder-set/p3275702/
125,harveynichols,Yves Saint Laurent Rouge Pur Couture The Slim - Limited Edition - Harvey Nichols.html,0,https://www.harveynichols.com/brand/yves-saint-laurent/715379-rouge-pur-couture-the-slim-limited-edition/p3282793/
126,hdbrows,Brow Define _ HD Brows - HD Brows Shop.html,0,https://hdbrows.com/shop/brow-define/
127,hdbrows,HD Brows Colourfix Tinted Brow Gel - HD Brows Shop.html,0,https://hdbrows.com/shop/brow-colourfix/
128,hdbrows,HD Brows Fake It ‘Til You Make It Christmas Gift Set - HD Brows Shop.html,1,https://hdbrows.com/shop/fake-it-till-you-make-it-gift-set/
129,hdbrows,HD Brows Fluid Foundation Tan - HD Brows Shop.html,1,https://hdbrows.com/shop/hd-brows-fluid-foundation-tan/
130,hollandandbarrett,Dr Organic Manuka Honey Rescue Cream _ Holland & Barrett - the UK’s Leading Health Retailer.html,1,https://www.hollandandbarrett.com/shop/product/dr-organic-manuka-honey-rescue-cream-60083586?skuid=083586
131,hollandandbarrett,Ecodenta Extra Black Whitening Toothpaste with Black Charcoal & Teavigo _ Holland & Barrett - the UK’s Leading Health Retailer.html,0,https://www.hollandandbarrett.com/shop/product/ecodenta-extra-black-whitening-toothpaste-with-black-charcoal-teavigo-60006921?skuid=006921
132,hollandandbarrett,Hairburst Volume & Growth Elixir Spray _ Holland & Barrett - the UK’s Leading Health Retailer.html,0,https://www.hollandandbarrett.com/shop/product/hairburst-volume-growth-elixir-spray-60049075?skuid=049075
133,hollandandbarrett,Miaroma Tea Tree Pure Essential Oil Tea Tree _ Holland & Barrett - the UK’s Leading Health Retailer.html,1,https://www.hollandandbarrett.com/shop/product/miaroma-tea-tree-pure-essential-oil-60060187?skuid=015219
134,houseoffraser,Charlotte Tilbury Bronzer and Blusher Brush - House of Fraser.html,0,https://www.houseoffraser.co.uk/beauty/charlotte-tilbury-bronzer-and-blusher-brush/250200628.pd
135,houseoffraser,Kiehls Facial Fuel Energizing Face Wash 75ml - House of Fraser.html,0,https://www.houseoffraser.co.uk/beauty/kiehls-facial-fuel-energizing-face-wash-75ml/233236006.pd
136,houseoffraser,Urban Decay Naked Petite Heat Palette - House of Fraser.html,1,https://www.houseoffraser.co.uk/beauty/urban-decay-naked-petite-heat-palette/290631275.pd
137,houseoffraser,Viktor & Rolf BonBon Eau de Parfum 50ml Gift Set - House of Fraser.html,1,https://www.houseoffraser.co.uk/beauty/viktor-and-rolf-bonbon-eau-de-parfum-50ml-gift-set/300009269.pd
138,illamasqua,Beyond Powder - Deity _ Illamasqua.html,0,https://www.illamasqua.com/beyond-powder-deity/11438995.html
139,illamasqua,False Eye Lashes - Lush _ Illamasqua.html,1,https://www.illamasqua.com/false-eye-lashes-lush/11540315.html
140,illamasqua,Illamasqua Antimatter Lipstick - Meteor _ Illamasqua.html,0,https://www.illamasqua.com/illamasqua-antimatter-lipstick-meteor/11698288.html
141,illamasqua,Powder Eye Shadow - Delirious _ Illamasqua.html,1,https://www.illamasqua.com/powder-eye-shadow-delirious/11534898.html
142,inglotuk,DUO Brush-On Striplash Adhesive Dark (5g).html,1,https://inglotuk.com/offers/578-duo-brush-on-striplash-adhesive-dark-5g
143,inglotuk,Eyelashes.html,1,https://inglotuk.com/offers/638-eyelashes
144,inglotuk,Glo Out Intense Sparklers 17.html,0,https://inglotuk.com/highlighting/1031-glo-out-intense-sparklers
145,inglotuk,mini-make-up-case-flower-pink.html,0,https://inglotuk.com/categories/1041-makeup-case-mini-flower-pink
146,jeccamakeup,"Correct & Conceal Palette, Light 1.0 – JECCA Makeup.html",0,https://jecca-makeup.com/product/palette-light-1/
147,jeccamakeup,"Correct & Conceal Palette, Medium 2.0 – JECCA Makeup.html",0,https://jecca-makeup.com/product/palette-medium-2/
148,kkwbeauty,CLASSIC BLOSSOM BUNDLE – KKW BEAUTY.html,1,https://kkwbeauty.com/products/classic-blossom-bundle
149,kkwbeauty,PINK CRÈME LIPSTICK 2 COOL BLUE PINK – KKW BEAUTY.html,0,https://kkwbeauty.com/products/creme-lipstick-pink-2-cool-blue-pink
150,kkwbeauty,POWDER CONTOUR & HIGHLIGHT KIT BY KIM KARDASHIAN WEST – KKW BEAUTY.html,0,https://kkwbeauty.com/products/powder-contour-and-highlight-kit
151,kkwbeauty,ULTRALIGHT BEAMS FULL COLLECTION – KKW BEAUTY.html,1,https://kkwbeauty.com/products/new-ultralight-beams-full-collection
152,kyliecosmetics,23 _ Gloss Kylie x Jordyn _ Kylie Cosmetics by Kylie Jenner.html,0,https://www.kyliecosmetics.com/products/23-gloss
153,kyliecosmetics,Highlighter Quad _ Kylie X Jordyn _ Kylie Cosmetics by Kylie Jenner.html,0,https://www.kyliecosmetics.com/products/copy-of-highlighter-quad-kylie-x-jordyn
154,kyliecosmetics,LA Set _ Lip Kit Bundle _ Kylie Cosmetics by Kylie Jenner.html,1,https://www.kyliecosmetics.com/products/la-set-lip-kit-bundle
155,kyliecosmetics,Red Set _ Lip Kit Bundle _ Kylie Cosmetics by Kylie Jenner.html,1,https://www.kyliecosmetics.com/products/red-set-lip-kit-bundle
156,lancome,L'Absolu Gloss Sheer _ Shiny & Non-Sticky Lip Gloss _ Lancôme UK.html,0,https://www.lancome.co.uk/makeup/lips/lip-gloss/l%E2%80%99absolu-gloss-sheer/A00803-LAC.html#start=11&cgid=L1_L1_Axe_MakeUp
157,lancome,L’Absolu Rouge Drama _ Long-Lasting Ultra Matte Lipstick _ Lancôme UK.html,0,https://www.lancome.co.uk/makeup/lips/lipstick/labsolu-rouge-drama-matte/A01102-LAC.html#start=1&cgid=L1_L1_Axe_MakeUp
158,lancome,Sparkling Ombre Hypnôse Ultra Eyeshadow _ Smokey Eyes _ Lancôme UK.html,1,https://www.lancome.co.uk/makeup/eyes/eyeshadows/sparklings-blacks-ombre-hypnose-ultra-%2Dinstatrends-2017/A00871-LAC.html#start=8&cgid=L1_L1_Axe_MakeUp
159,lancome,Sparkling Smoky Eye Duo Pen _ Instatrends Eyeshadow _ Lancôme UK.html,1,https://www.lancome.co.uk/makeup/eyes/eyeshadows/sparklings-blacks-smoky-eye-duo-pen-%2Dinstatrends-2017/A00870-LAC.html#start=9&cgid=L1_L1_Axe_MakeUp
160,lookfantastic,benefit Brow Contour Pro Pen (Various Shades) _ Free Shipping _ Lookfantastic.html,0,https://www.lookfantastic.com/benefit-brow-contour-pro-pen-various-shades/11853735.html
161,lookfantastic,Estée Lauder Advanced Night Repair Eye Supercharged Complex 15ml _ Free Shipping _ Lookfantastic.html,0,https://www.lookfantastic.com/estee-lauder-advanced-night-repair-eye-supercharged-complex-15ml/11831873.html
162,lookfantastic,La Roche-Posay Respectissime Waterproof Eye Make-Up Remover 125ml _ Free Shipping _ Lookfantastic.html,1,https://www.lookfantastic.com/la-roche-posay-respectissime-waterproof-eye-make-up-remover-125ml/11355388.html
163,lookfantastic,Moroccanoil Treatment Original 125ml (25% Extra Free) (Worth £41.05) _ Free Shipping _ Lookfantastic.html,1,https://www.lookfantastic.com/moroccanoil-treatment-original-125ml-25-extra-free/10586682.html
164,lush,"Banana Skin _ -New Products, -Lush Labs, -Packaging Free, Face, -Moisturisers and Facial Oils _ Lush Fresh Handmade Cosmetics UK.html",0,https://uk.lush.com/products/lush-labs/banana-skin
165,lush,"Egret Glow Stick _ -New Products, -Exclusives, -Packaging Free, Face, -Make Up, --Blush & Highlight _ Lush Fresh Handmade Cosmetics UK.html",0,https://uk.lush.com/products/packaging-free/egret-glow-stick
166,maccosmetics,Matte Lipstick _ MAC Cosmetics - Official Site.html,0,https://www.maccosmetics.co.uk/product/13854/310/products/makeup/lips/lipstick/matte-lipstick#/shade/Velvet_Teddy
167,maccosmetics,Studio Fix Powder Plus Foundation _ MAC Cosmetics - Official Site.html,0,https://www.maccosmetics.co.uk/product/13849/251/products/makeup/face/powder/studio-fix-powder-plus-foundation#/shade/C2
168,manchesterairport,CLINIQUE Cream Shaper for Eyes Egyptian _ Manchester Airport.html,0,https://shop.manchesterairport.co.uk/shop/makeup/eyes/eye-pencil/clinique-cream-shaper-for-eyes-egyptian/wdf__1002359651/?referer=plp
169,manchesterairport,CLINIQUE Pop™ Lip Colour + Primer Punch Pop _ Manchester Airport.html,0,https://shop.manchesterairport.co.uk/shop/makeup/lips/lipstick/clinique-pop%E2%84%A2-lip-colour-%2Dprimer-punch-pop/wdf__1003875862/?referer=plp
170,marksandspencer,All in One Day Cream 50ml _ Dermot O'Leary _ M&S.html,,https://www.marksandspencer.com/all-in-one-day-cream-50ml/p/p22500754?prevPage=plp
171,marksandspencer,Fabulously Festive _ Red Carpet Manicure _ M&S.html,,https://www.marksandspencer.com/fabulously-festive/p/p60214209?prevPage=plp&pdpredirect
172,marksandspencer,Free Gift_ Absolute Skin Priming Booster 50ml _ Formula _ M&S.html,,https://www.marksandspencer.com/skin-priming-booster-50ml/p/p22449735?prevPage=plp
173,marksandspencer,Santorini Vine Shower Gel 250ml _ Korres _ M&S.html,,https://www.marksandspencer.com/santorini-vine-shower-gel-250ml/p/p22405127?prevPage=plp
174,maybelline,Face Studio Master Chrome Metallic Highlighter Makeup - Maybelline.html,0,https://www.maybelline.com/face-makeup/contouring/facestudio-master-chrome-metallic-highlighter/molten-topaz
175,maybelline,SuperStay Long-Lasting Full Coverage Foundation - Maybelline.html,0,https://www.maybelline.com/face-makeup/foundation-makeup/super-stay-full-coverage-foundation/light-beige
176,mym,Buy theBalm Schwing Eyeliner NZ _ Buy Makeup NZ _ MYM Beauty NZ.html,1,https://mym.co.nz/product/thebalm-schwing-eyeliner/
177,mym,Buy theBalm Tall Dark Handsome Mascara NZ _ Buy Makeup NZ _ MYM.html,1,https://mym.co.nz/product/thebalm-whats-your-type-mascara-tall-dark-handsome/
178,mym,Chronologiste Parfum En Huile _ Buy Makeup NZ _ MYM Beauty.html,0,https://mym.co.nz/product/chronologiste-parfum-en-huile/
179,mym,Discipline Fondant Fluidealiste _ Buy Makeup NZ _ MYM Beauty.html,0,https://mym.co.nz/product/discipline-fondant-fluidealiste/
180,nanshy,Fan Makeup Brush - Highlight & Contour with Nanshy.html,,https://nanshy.com/product/fan-makeup-brush/?attribute_pa_brush-handle-colour=pearlescent-white-1
181,nanshy,Flawless Foundation F02 Flat Top Kabuki Makeup Brush.html,,https://nanshy.com/product/flawless-foundation-f02/
182,nanshy,Makeup Kit Bag from Nanshy Pro Collection. See Through on Set....html,,https://nanshy.com/product/large-clear-makeup-kit-bag/
183,nanshy,Nanshy 22 Piece Set with Pouch _.html,,https://nanshy.com/product/22-piece-set-with-pouch/
184,narscosmetics,413 BLKR The Multiple _ NARS Cosmetics.html,0,https://www.narscosmetics.co.uk/en/413-blkr-the-multiple/0607845015253.html?cgid=multi-use-best-sellers-multi
185,narscosmetics,Gentle Cream Cleanser _ NARS Cosmetics.html,0,https://www.narscosmetics.co.uk/en/gentle-cream-cleanser/0607845048015.html?cgid=skincare-cleansers
186,netaporter,Lipstick Queen _ Kiss From A Rose Full Size Lip Trio _ NET-A-PORTER.COM.html,1,https://www.net-a-porter.com/gb/en/product/1130745/lipstick_queen/kiss-from-a-rose-full-size-lip-trio
187,netaporter,Marie-Stella-Maris _ Home Kit _ NET-A-PORTER.COM.html,0,https://www.net-a-porter.com/gb/en/product/1032606/marie_stella_maris/home-kit
188,netaporter,"Nails inc _ Spray Can Nail Polish - Mayfair Market Mews, 50ml _ NET-A-PORTER.COM.html",1,https://www.net-a-porter.com/gb/en/product/723952/nails_inc/spray-can-nail-polish-%2D-mayfair-market-mews-%2D50ml
189,netaporter,Net-A-Porter Beauty _ January 2019 Beauty Kit _ NET-A-PORTER.COM.html,0,https://www.net-a-porter.com/gb/en/product/1141206/net_a_porter_beauty/january-2019-beauty-kit
190,nipandfab,Eyeshadow Palette Sculpted _ Eyes _ Makeup _ Nip + Fab.html,0,https://www.nipandfab.com/makeup/eyeshadow-palette-sculpted
191,nipandfab,Illuminating Fixing Mist _ Face _ Makeup _ Nip+Fab.html,0,https://www.nipandfab.com/makeup/illuminating-fixing-mist
192,nipandfab,Kale Fix Moisturiser _ Nourishing Face Cream _ Nip + Fab.html,1,https://www.nipandfab.com/offers/kale-fix-moisturiser
193,nipandfab,Viper Venom Extreme Night Fix _ Night Cream _ Nip + Fab.html,1,https://www.nipandfab.com/offers/viper-venom-night
194,nordstromrack,Bobbi Brown _ Lip Color _ Nordstrom Rack.html,1,https://www.nordstromrack.com/shop/product/2334076/bobbi-brown-lip-color?color=73PALE%20MAU
195,nordstromrack,Bobbi Brown _ Matte Eyeshadow _ Nordstrom Rack.html,0,https://www.nordstromrack.com/shop/product/2334084/bobbi-brown-matte-eyeshadow?color=22STEEL
196,nordstromrack,Lancome _ Monsieur Big Mascara - 4 ml _ Nordstrom Rack.html,0,https://www.nordstromrack.com/shop/product/2520865/lancome-monsieur-big-mascara-4-ml?color=01%20BLACK
197,nordstromrack,Urban Decay _ Naked Ultimate Basics Palette _ Nordstrom Rack.html,1,https://www.nordstromrack.com/shop/product/2513485/urban-decay-naked-ultimate-basics-palette?color=NO%20COLOR
198,nyxcosmetics,Away We Glow Shadow Palette _ NYX Professional Makeup.html,0,https://www.nyxcosmetics.co.uk/eyes/eyeshadow/away-we-glow-shadow-palette/800897153984.html
199,nyxcosmetics,Lid Lingerie Matte _ NYX Professional Makeup.html,1,https://www.nyxcosmetics.co.uk/eyes/eyeshadow/lid-lingerie-matte/NYX_449.html
200,nyxcosmetics,Lip Lingerie Gloss _ NYX Professional Makeup.html,0,https://www.nyxcosmetics.co.uk/lip-lingerie-gloss/800897155261.html
201,nyxcosmetics,Pin-Up Pout Lipstick _ NYX Professionnal Makeup.html,1,https://www.nyxcosmetics.co.uk/pin-up-pout-lipstick/NYX_399.html
202,origins,Clear Improvement™ Charcoal Honey Mask to Purify & Nourish _ Origins UK.html,0,https://www.origins.co.uk/product/15346/57498/skincare/treat/mask/clear-improvement/charcoal-honey-mask-to-purify-nourish
203,origins,Original Skin Makeup Removing Jelly with Willowherb _ Origins UK.html,0,https://www.origins.co.uk/product/15342/51990/skincare/cleanse/face-wash-and-cleanser/original-skin/makeup-removing-jelly-with-willowherb
204,origins,Save Over 31% Mini Mask Musts _ Origins UK.html,?,https://www.origins.co.uk/product/15917/61462/all/save-over-31/mini-mask-musts
205,origins,Save Over 36% _ Origins UK.html,?,https://www.origins.co.uk/product/15917/61452/all/save-over-36/get-up-and-glow
206,paulaschoice,Gentle Cleansing Cloths Full Size.html,0,https://www.paulaschoice.co.uk/gentle-cleansing-cloths-m3110.html?dwvar_m3110_size=fullsize&cgid=makeup#start=0&top=499
207,paulaschoice,Refreshing Moisture Mist.html,0,https://www.paulaschoice.co.uk/refreshing-moisture-mist-m2150.html?dwvar_m2150_size=fullsize&cgid=makeup#start=0&top=499
208,paulaschoice,Rehydrating Moisture Mask.html,0,https://www.paulaschoice.co.uk/rehydrating-moisture-mask-m2600.html?dwvar_m2600_size=fullsize&cgid=black-friday
209,paulaschoice,Skin Perfecting 2% BHA Liquid Exfoliant.html,0,https://www.paulaschoice.co.uk/skin-perfecting-bha-liquid-exfoliant-m2010.html?dwvar_m2010_size=fullsize&cgid=black-friday#start=0&top=621.546875
210,perriconemd,Cult Classic _ Perricone MD.html,1,https://www.perriconemd.co.uk/cult-classics.html
211,perriconemd,Face Primer _ Blur Cream _ Perricone MD.html,0,https://www.perriconemd.co.uk/no-makeup-instant-blur.html
212,perriconemd,Red Carpet Ready _ Perricone MD.html,1,https://www.perriconemd.co.uk/red-carpet-ready.html
213,perriconemd,Tinted Moisturiser _ SPF _ Perricone MD.html,0,https://www.perriconemd.co.uk/face-finishing-moisturizer-tint.html
214,pixibeauty,Double Cleanse – Pixi Beauty UK.html,0,https://pixibeauty.co.uk/products/double-cleanse?variant=35471444234
215,pixibeauty,Glow Tonic 250ml – Pixi Beauty UK.html,0,https://pixibeauty.co.uk/products/glow-tonic-250ml?variant=34997453898
216,pixibeauty,Hello Snow – Pixi Beauty UK.html,1,https://pixibeauty.co.uk/collections/last-chance/products/hello-snow-1?variant=51015369620
217,pixibeauty,Ultimate Beauty Kit - 4th Edition – Pixi Beauty UK.html,1,https://pixibeauty.co.uk/collections/last-chance/products/ultimate-beauty-kit-4th-edition?variant=50697452948
218,plouise,P.Louise Base Shade 2 - Plouise Makeup Academy.html,0,https://www.plouise.co.uk/product/p-louise-rumour/
219,plouise,P.Louise Full Package - Plouise Makeup Academy.html,0,https://www.plouise.co.uk/product/p-louise-full-package/
220,plouise,P.Louise Palette - Plouise Makeup Academy.html,1,https://www.plouise.co.uk/product/p-louise-palette/
221,plouise,P.Louise Pigment Bundle Deal – Plouise Makeup Academy.html,1,https://www.plouise.co.uk/product/p-louise-pigment-bundle-deal/
222,revolutionbeauty,Obsession Mega Moon Highlighter _ RevolutionBeauty.com.html,0,https://www.revolutionbeauty.com/en/Obsession-Mega-Moon-Highlighter/m-6956.aspx
223,revolutionbeauty,Obsession x Belle Jorden Eyeshadow Palette _ RevolutionBeauty.com.html,0,https://www.revolutionbeauty.com/en/Obsession-x-Belle-Jorden-Eyeshadow-Palette/m-6958.aspx
224,revolutionbeauty,Revolution Blush Light & Contour Palette 2018 _ RevolutionBeauty.com.html,1,https://www.revolutionbeauty.com/en/Revolution-Blush-Light-and-Contour-Palette-2018/m-5187.aspx
225,revolutionbeauty,Revolution Champagne Brushes And Holder _ RevolutionBeauty.com.html,1,https://www.revolutionbeauty.com/en/Revolution-Champagne-Brushes-And-Holder/m-2350.aspx
226,rodial,Glamolash Mascara Skinny - Black _ Makeup _ Rodial.html,0,https://www.rodial.co.uk/glamolash-mascara-skinny-black
227,rodial,Instaglam Compact Deluxe Contouring Powder Dark _ Makeup _ Rodial.html,0,https://www.rodial.co.uk/makeup/instaglam-compact-deluxe-contouring-powder-dark
228,rodial,Instaglam Compact Deluxe Contouring Powder _ Makeup _ Rodial.html,0,https://www.rodial.co.uk/instaglam-compact-deluxe-contouring-powder
229,rodial,The Multi Blend Brush _ Makeup _ Rodial.html,0,https://www.rodial.co.uk/makeup/the-multi-blend-brush
230,saveonmakeup,aussie-aussome-volume-conditioner-250ml.html,1,https://www.saveonmakeup.co.uk/aussie-aussome-volume-conditioner-250ml
231,saveonmakeup,bare-minerals-bare-skin-pure-brightening-serum-foundation-18-bare-walnut.html,1,https://www.saveonmakeup.co.uk/bare-minerals-bare-skin-pure-brightening-serum-foundation-18-bare-walnut
232,saveonmakeup,olay-hydration-and-overnight-recovery-mask-night-cream-50ml.html,1,https://www.saveonmakeup.co.uk/olay-hydration-and-overnight-recovery-mask-night-cream-50ml
233,saveonmakeup,w7-starry-nights-5-piece-brush-set.html,1,https://www.saveonmakeup.co.uk/w7-starry-nights-5-piece-brush-set
234,shiseido,"Kajal InkArtist Shadow, Liner, Brow _ Shiseido.com.html",0,https://www.shiseido.com/kajal-inkartist-shadow-liner-brow-9990000000168.html?dwvar_9990000000168_color=0852147287&cgid=inks
235,shiseido,VisionAiry Gel Lipstick _ Shiseido.com.html,0,https://www.shiseido.com/visionairy-gel-lipstick-9990000000173.html?dwvar_9990000000173_color=9238151994&cgid=gels
236,shopmissa,a2o Majesty Highlighter Palette – Shop Miss A.html,1,https://www.shopmissa.com/collections/shopa2o/products/majesty-highlighter-palette
237,shopmissa,Hand & Body Lotion- Shea Butter – Shop Miss A.html,0,https://www.shopmissa.com/collections/cosmetics/products/hand-body-lotion-shea-butter
238,shopmissa,Olive Collagen Sheet Mask – Shop Miss A.html,0,https://www.shopmissa.com/collections/cosmetics/products/olive-collagen-sheet-mask
239,sigmabeauty,F65 Large Concealer Brush.html,1,https://www.sigmabeauty.com/f65-large-concealer.html
240,sigmabeauty,Lip Base - Rhapsody.html,1,https://www.sigmabeauty.com/lip-base-rhapsody.html
241,sigmabeauty,Lose The Halo Lip Concealer.html,0,https://www.sigmabeauty.com/lip-concealer-lose-the-halo.html
242,sigmabeauty,Sigma Spa® Express Brush Cleaning Mat.html,0,https://www.sigmabeauty.com/sigma-spa-express-brush-cleaning-mat.html
243,sleekmakeup,Barekissed Illuminator _ Highlighter _ Sleek MakeUP.html,0,https://www.sleekmakeup.com/uk/face/highlighter/barekissed-illuminator
244,sleekmakeup,Highlighter Palette _ Sleek MakeUP _.html,0,https://www.sleekmakeup.com/uk/face/highlighter/highlighter-palette
245,smashbox,Gloss Angeles Lip Gloss _ Smashbox.html,0,https://www.smashbox.co.uk/product/6122/61068/lips/gloss-angeles-lip-gloss#/shade/Ay%2C_Poppy
246,smashbox,Holidaze Always On Liquid Lip Set _ Smashbox.html,1,https://www.smashbox.co.uk/product/22971/60554/only-at-smashbox/vipxmas/holidaze-always-on-liquid-lip-set
247,smashbox,Holidaze Photo Finish Travel Primer Trio (WORTH £42!) _ Smashbox.html,1,https://www.smashbox.co.uk/product/22971/59768/only-at-smashbox/vipxmas/holidaze-photo-finish-travel-primer-trio-worth-42
248,smashbox,L.A. Cover Shot Eye Palette _ Smashbox.html,0,https://www.smashbox.co.uk/product/6025/62447/eyes/la-cover-shot-eye-palette
249,sosubysj,24k Gold Luxury Elixir Face Oil – sosubysj.com.html,0,https://www.sosubysj.com/collections/makeup/products/new-luxury-elixir-face-oil
250,sosubysj,Cream Stick - Conceal Light – sosubysj.com.html,1,https://www.sosubysj.com/collections/makeup/products/cream-stick-conceal-light-pre-sale
251,sosubysj,Cream Stick - Contour Warm – sosubysj.com.html,1,https://www.sosubysj.com/collections/makeup/products/cream-stick-contour-warm-pre-sale
252,sosubysj,The Ultimate Trio – sosubysj.com.html,0,https://www.sosubysj.com/collections/makeup/products/the-ultimate-trio
253,spacenk,Goldfaden Md The Glow Kit - Space.NK - GBP.html,1,https://www.spacenk.com/uk/en_GB/skincare/skincare-set/skincare-sets/the-glow-kit-MUK200022328.html
254,spacenk,Lipstick Queen Lip Restore Scrub - Space.NK - GBP.html,0,https://www.spacenk.com/uk/en_GB/skincare/lipcare/lip-balm/lip-restore-scrub-MUK300053092.html
255,spacenk,Lipstick Queen Rear View Mirror Lip Lacquer - Space.NK - GBP.html,0,https://www.spacenk.com/uk/en_GB/makeup/lips/lipstick/rear-view-mirror-lip-lacquer-MUK300053080.html?dwvar_MUK300053080_color=UK300053080
256,spacenk,Nars Ransom Velvet Matte Lip Pencil Set - Space.NK - GBP.html,1,https://www.spacenk.com/uk/en_GB/makeup/sets-palettes/lip/ransom-velvet-matte-lip-pencil-set-MUK200022115.html
257,stila,Stila 3D Dazzle - Glitter & Glow Liquid Eyeshadow Set _ Stila Cosmetics UK.html,0,https://stila.co.uk/collections/rise-above/products/3d-dazzle-glitter-glow-liquid-eyeshadow-set
258,stila,Stila Got Inked™ Cushion Eye Liner _ Stila Cosmetics UK.html,1,https://stila.co.uk/collections/clearance-1/products/got-inked-cushion-eye-liner
259,stila,Stila Shine Bright - Heaven's Dew Palette _ Stila Cosmetics UK.html,0,https://stila.co.uk/collections/rise-above/products/shine-bright-heavens-dew-palette
260,stila,Stila Stay All Day Brow Gel & Brush _ Stila Cosmetics UK.html,1,https://stila.co.uk/collections/clearance-1/products/stay-all-day-brow-gel-brush
261,stories,Satin Jacquard Wrap Dress - Black - Midi dresses - & Other Stories.html,1,https://www.stories.com/en_gbp/sale/all-sale/product.satin-jacquard-wrap-dress-black.0649372001.html
262,stories,Scandi Signature Mini Hand Cream - Scandi Signature - Handlotions - & Other Stories.html,0,https://www.stories.com/en_gbp/beauty/all-beauty/product.mini-hand-cream-scandi-signature.0181962041.html
263,stories,Scarlet Noir Lipstick - Scarlet Noir - Lips - & Other Stories.html,0,https://www.stories.com/en_gbp/beauty/all-beauty/product.lipstick-scarlet-noir.0526109015.html
264,stories,Shimmer Velvet Mini Dress - Blue - Mini dresses - & Other Stories.html,1,https://www.stories.com/en_gbp/sale/all-sale/product.shimmer-velvet-mini-dress-blue.0670771002.html
265,superdrug,BOSS The Scent Private Accord for Her Eau de Parfum 50ml _ Superdrug.html,0,https://www.superdrug.com/Fragrance/Perfume-For-Women/Women%E2%80%99s-Perfume/BOSS-The-Scent-Private-Accord-for-Her-Eau-de-Parfum-50ml/p/768365
266,superdrug,Max Factor Miracle Glow Duo Highlighter Light _ Superdrug.html,0,https://www.superdrug.com/Max-Factor/Max-Factor-Miracle-Glow-Duo-Highlighter-Light/p/751506
267,superdrug,Superdrug Mix and Fizz Bath Creme Collection _ Superdrug.html,1,https://www.superdrug.com/Superdrug/Superdrug-Mix-and-Fizz-Bath-Creme-Collection/p/752562
268,superdrug,Versace The Dreamer For Him Eau de Toilette 100ml _ Superdrug.html,1,https://www.superdrug.com/Fragrance/Fragrance-For-Him/Men%27s-Aftershave/Versace-The-Dreamer-For-Him-Eau-de-Toilette-100ml/p/437701
269,tartecosmetics,Limited-Edition Color Splash Hydrating Lipstick _ Tarte Cosmetics.html,1,https://tartecosmetics.com/EU/en_GB/sale/limited-edition-color-splash-hydrating-lipstick/1343.html?cgid=sale#start=2
270,tartecosmetics,Limited-Edition Rainforest Of The Sea™ Eyeshadow Palette Vol.II _ Tarte Cosmetics.html,1,https://tartecosmetics.com/EU/en_GB/sale/limited-edition-rainforest-of-the-sea-eyeshadow-palette-vol.-ii/932.html?dwvar_932_color=multi&cgid=sale#start=1
271,tartecosmetics,Shape Tape Contour Concealer _ Tarte Cosmetics.html,0,https://tartecosmetics.com/EU/en_GB/best-sellers/shape-tape-contour-concealer/836.html?cgid=best-sellers&dwvar_836_color=medium%20honey#start=1
272,tartecosmetics,Shape Tape Matte Foundation _ Tarte Cosmetics.html,0,https://tartecosmetics.com/EU/en_GB/best-sellers/shape-tape-matte-foundation/1213.html?cgid=best-sellers&dwvar_1213_color=light-medium%20golden#start=2
273,tatcha,The Kissu Lip Mask _ Smooths & Plumps Lips.html,0,https://www.tatcha.com/product/KISSU-LIP.html?cgid=shop_all#start=1
274,tatcha,The Silk Canvas.html,0,https://www.tatcha.com/product/SILK-CANVAS.html?cgid=shop_all#pageNum=3&start=1
275,thebeautystore,Oh K! Caviar Hydrogel Mask - Korean Skincare at The Beauty Store.html,1,https://www.thebeautystore.co.uk/skincare/moisturisers/oh-k-caviar-hydrogel-mask/
276,thebeautystore,Police Forbidden for Men Eau de Toilette Spray 100ml - The Beauty Store.html,1,https://www.thebeautystore.com/police-forbidden-for-men-eau-de-toilette-spray-100ml/
277,thebeautystore,Police Legend for Women Eau de Parfum Spray 100ml - The Beauty Store.html,1,https://www.thebeautystore.com/police-legend-for-women-eau-de-parfum-spray-100ml/
278,thebeautystore,theBalm Nude Dude Eyeshadow Palette - The Beauty Store.html,1,https://www.thebeautystore.co.uk/makeup/eye-makeup/eye-shadow/thebalm-nude-dude-eyeshadow-palette/
279,thebodyshop,Coconut Body Butter _ Coconut Butter For Skin _ The Body Shop.html,1,https://www.thebodyshop.com/en-gb/body/body-butters/coconut-nourishing-body-butter/p/p000014?activeVariant=1076232
280,thebodyshop,Fresh Nude Foundation _ The Body Shop.html,0,https://www.thebodyshop.com/en-gb/make-up/foundations-concealers/fresh-nude-foundation/p/p000349
281,thebodyshop,Matte Lipstick _ Makeup _ The Body Shop.html,0,https://www.thebodyshop.com/en-gb/make-up/lips/matte-lipstick/p/p002139
282,thebodyshop,Satsuma Shower Gel _ Satsuma Body Wash _ The Body Shop.html,1,https://www.thebodyshop.com/en-gb/body/washes-gels/satsuma-shower-gel/p/p000116?activeVariant=1046367
283,themakeuparmoury,Airbase Airbrush Silicone Based Foundation - The Makeup Armoury.html,0,https://www.themakeuparmoury.com/collections/makeup/products/airbase-airbrush-silicone-based-foundation?variant=7491975020610
284,themakeuparmoury,Airbase High Definition Micro Finish Powder - The Makeup Armoury.html,0,https://www.themakeuparmoury.com/collections/makeup/products/airbase-high-definition-micro-finish-powder?variant=7491975020610
285,theperfumeshop,DIOR _ Sauvage Eau de Toilette for him _ The Perfume Shop.html,0,https://www.theperfumeshop.com/dior/sauvage/eau-de-toilette-for-him/p/65330EDTJU
286,theperfumeshop,Roberto Cavalli _ Roberto Cavalli Eau de Parfum for her _ The Perfume Shop.html,1,https://www.theperfumeshop.com/roberto-cavalli/roberto-cavalli/eau-de-parfum-for-her/p/25760EDPJU?varSel=1119361
287,theperfumeshop,Versace _ Yellow Diamond Eau de Toilette for her _ The Perfume Shop.html,0,https://www.theperfumeshop.com/versace/yellow-diamond/eau-de-toilette-for-her/p/13740EDTJU
288,theperfumeshop,W7 _ Cosmetic Advent Calendar Advent Calendar for her _ The Perfume Shop.html,1,https://www.theperfumeshop.com/w7/cosmetic-advent-calendar/advent-calendar-for-her/p/99660MISCCS?varSel=1177971
289,tiltmakeup,AMAZINGCOSMETICS - VELVET BRUSH – TILT Professional Makeup.html,1,https://tiltmakeup.com/collections/sale/products/amazingcosmetics-velvet-brush
290,tiltmakeup,BEN NYE - CREME COLORS – TILT Professional Makeup.html,1,https://tiltmakeup.com/collections/sale/products/ben-nye-creme-colors
291,tiltmakeup,Ben Nye -Clear Latex - 118ml – TILT Professional Makeup.html,0,https://tiltmakeup.com/collections/best-sellers/products/clear-latex-118ml
292,tiltmakeup,Ben Nye Nose & Scar Wax (Fair) - TILT Makeup London – TILT Professional Makeup.html,0,https://tiltmakeup.com/collections/best-sellers/products/nose-scar-wax-fair
293,tkmaxx,468 Candy Strip Maxi Shine Lip Colour 7.5ml - Make-Up - Make-up & Nails - Beauty - Women - TK Maxx.html,1,https://www.tkmaxx.com/women/beauty/make-up+nails/make-up/468-candy-strip-maxi-shine-lip-colour-7.5ml/p/42456820
294,tkmaxx,Liquid Suede Cream Lipstick Trio 4ml - Make-Up - Make-up & Nails - Beauty - Women - TK Maxx.html,1,https://www.tkmaxx.com/women/beauty/make-up+nails/make-up/liquid-suede-cream-lipstick-trio-4ml/p/42458697
295,tkmaxx,Pure Grace Conditioner 946ml - Make-Up - Make-up & Nails - Beauty - Women - TK Maxx.html,0,https://www.tkmaxx.com/women/beauty/make-up+nails/make-up/pure-grace-conditioner-946ml/p/42478346
296,tkmaxx,Shea Healing Foot Mask - Make-Up - Make-up & Nails - Beauty - Women - TK Maxx.html,0,https://www.tkmaxx.com/women/beauty/make-up+nails/make-up/shea-healing-foot-mask/p/42233174
297,toofaced,Frosted Fruits Highlighter Sticks- Too Faced.html,0,https://www.toofaced.com/shop/face/highlighters/frosted-fruits/Frosted+Fruits.html?cgid=highlighters
298,toofaced,Highlight Stick Makeup - Too Faced.html,1,https://www.toofaced.com/shop/face/highlighters/unicorn-horn-highlighting-stic/Unicorn+Horn+Highlighting+Stic.html?cgid=highlighters
299,toofaced,It's Bananas Setting Powder - Too Faced.html,0,https://www.toofaced.com/shop/face/powder/its-bananas-brightening-setting-powder-banana-cream/70311.html?cgid=powder
300,toofaced,Unicorn Tears Mystical Liquid Highlighter Drops - Too Faced.html,1,https://www.toofaced.com/shop/face/highlighters/bottle-of-unicorn-tears-mystical-highlighter-drops/90679.html?cgid=highlighters
301,trinnylondon,BFF Skin Perfector SPF30 _ BFF Cream _ Trinny London.html,,https://trinnylondon.com/products/bff-cream
302,trinnylondon,EYE2EYE _ Eye Shadow _ Trinny London.html,,https://trinnylondon.com/products/eye-contact
303,tropicskincare,Body Smooth Refreshing Polish_ 200ml - Body Care.html,0,https://www.tropicskincare.com/body-care/body-smooth-200ml-46.html
304,tropicskincare,Brow Define Palette - Makeup.html,0,https://www.tropicskincare.com/discover-botanical-makeup/brow-define-palette.html
305,tropicskincare,Silk Gel Liner - Makeup.html,0,https://www.tropicskincare.com/discover-botanical-makeup/silk-gel-liner.html
306,tropicskincare,Tamanu Healing Balm - Skincare.html,0,https://www.tropicskincare.com/skincare/tamanu-healing-balm.html
307,urbandecay,All Nighter Setting Spray _ Makeup Fixing Spray _ Urban Decay UK.html,0,https://www.urbandecay.co.uk/en_GB/setting-sprays/all-nighter/ud803.html
308,urbandecay,Naked Petite Heat _ Matte Eyeshadow Palette _ Urban Decay UK.html,1,https://www.urbandecay.co.uk/en_GB/make-up-palettes/naked-petite-heat/ud892.html#start=1&cgid=sales-2019
309,urbandecay,"On The Run Mini Eyeshadow Palette _ Blue, Purple & Burgundy _ Urban Decay UK.html",0,https://www.urbandecay.co.uk/en_GB/features/on-the-run-mini/3605972024282.html
310,urbandecay,Sin Afterglow Highlighter Palette 8-Hour Highlighter + Blush _ Urban Decay Cosmetics.html,1,https://www.urbandecay.co.uk/en_GB/make-up-palettes/sin-afterglow-highlighter-palette/ud894.html
311,urbanoutfitters,Gourmand EDP Fragrance _ Urban Outfitters.html,1,https://www.urbanoutfitters.com/shop/gourmand-edp-fragrance?category=beauty-products-on-sale&color=070
312,urbanoutfitters,Milk Makeup Luminous Blur Stick _ Urban Outfitters.html,0,https://www.urbanoutfitters.com/shop/milk-makeup-luminous-blur-stick?category=SHOPBYBRAND&color=000
313,urbanoutfitters,Milk Makeup Tattoo Stamp _ Urban Outfitters.html,0,https://www.urbanoutfitters.com/shop/milk-makeup-tattoo-stamp?category=SHOPBYBRAND&color=004
314,urbanoutfitters,ohii True Matte Lip _ Urban Outfitters.html,1,https://www.urbanoutfitters.com/shop/ohii-true-matte-lip?category=beauty-products-on-sale&color=052
315,vichy,Buy Dermablend Covermatte Compact Powder Foundation 12HR _ Vichy.html,0,https://www.vichy.co.uk/dermablend-covermatte-compact-powder-foundation-12hr
316,vichy,Buy Minéral 89 Hyaluronic Acid Booster Online _ Vichy.html,0,https://www.vichy.co.uk/mineral-89-serum
317,walgreens,Irish Spring Body Wash Moisture Blast _ Walgreens.html,1,https://www.walgreens.com/store/c/irish-spring-body-wash-moisture-blast/ID=prod6241560-product
318,walgreens,NYX Professional Makeup Color Correcting Concealer Pallete _ Walgreens.html,0,https://www.walgreens.com/store/c/nyx-professional-makeup-color-correcting-concealer-pallete/ID=prod6325835-product
319,walgreens,OGX Anti-Hair Fallout Niacin3 & Caffeine Shampoo _ Walgreens.html,1,https://www.walgreens.com/store/c/ogx-anti-hair-fallout-niacin3-%26-caffeine-shampoo/ID=prod6300458-product
320,walgreens,Vanicream Cleansing Bar for Sensitive Skin _ Walgreens.html,0,https://www.walgreens.com/store/c/vanicream-cleansing-bar-for-sensitive-skin/ID=prod3970670-product
321,yslbeauty,Fusion Ink Cushion Foundation _ YSL Beauty UK.html,0,https://www.yslbeauty.co.uk/makeup/complexion/foundation/fusion-ink-cushion-foundation/WW-20550YSL.html?dwvar_WW-20550YSL_color=30
322,yslbeauty,The Slim Rouge Pur Couture _ Highly Pigmented Matte Lipstick _ YSL Beauty UK.html,0,https://www.yslbeauty.co.uk/makeup/lips/lipsticks/rouge-pur-couture-the-slim/WW-50192YSL.html?dwvar_WW-50192YSL_color=1_Rouge_Extravagant
